municipio,uf,orgao,cnpj,modalidade,publicado,objeto,emails,telefones,fonte,paginas,pncp,arquivos_note
Nazaré do Piauí,PI,MUNICIPIO DE NAZARE DO PIAUI,06554141000132,Dispensa,2026-09-21,Aquisição de kit natalidade para secretaria de assistência social,licitanazaredopiaui@gmail.com,,Edital_DL_008_2026,24p,https://pncp.gov.br/api/consulta/v1/orgaos/06554141000132/compras/2026/22,200 on attempt 1
Marcos Parente,PI,MUNICIPIO DE MARCOS PARENTE,06554133000196,Dispensa,2026-09-21,Aquisição de kit natalidade para a Secretaria de Assistência Social de Marcos Parente -PI. ,cplmarcosparente2021@gmail.com,(89) 3541-1277,EDITAL_DL_12_2026,21p,https://pncp.gov.br/api/consulta/v1/orgaos/06554133000196/compras/2026/31,200 on attempt 1
Morro do Pilar,MG,MUNICIPIO DE MORRO DO PILAR,18303214000100,Dispensa,2026-09-18,"Contratação de empresa especializada para o fornecimento de Kits Natalidade (enxoval para recém-nascidos), destinados ao atendimento de gestantes em situação de vulnerabilidade soc",,,Aviso_de_Dispensa_Eletronica_Kit_Natalidade.pdf,32p,https://pncp.gov.br/api/consulta/v1/orgaos/18303214000100/compras/2026/49,200 on attempt 1
Novo Brasil,GO,FMAS- FUNDO MUNICIPAL DE ASSISTENCIA SOCIAL,18063468000190,Dispensa,2026-09-18,"CONTRATAÇÃO DE EMPRESA ESPECIALIZADA EM FORNECIMENTO DE KIT MATERNIDADE PARA GESTANTES EM CAIXAS DE MDF, VISANDO ATENDER AS NECESSIDADES DO FUNDO MUNICIPAL DE ASSISTÊNCIA SOCIAL",,,Termo de Dispensa 4745,2p,https://pncp.gov.br/api/consulta/v1/orgaos/18063468000190/compras/2026/26,200 on attempt 1
Leopoldo de Bulhões,GO,FUNDO MUNICIPAL DE ASSISTENCIA SOCIAL DE LEOPOLDO DE BULHOES,18091059000106,Dispensa,2026-09-17,"AQUISIÇÃO DE KITS MATERNIDADE E KITS PARA RECÉM-NASCIDOS, COMPOSTOS POR ITENS ESSENCIAIS DE HIGIENE, VESTUÁRIO, CUIDADOS BÁSICOS E ENXOVAL, DESTINADOS À DISTRIBUIÇÃO GRATUITA ÀS GE",,,Termo de Dispensa 9506,2p,https://pncp.gov.br/api/consulta/v1/orgaos/18091059000106/compras/2026/54,200 on attempt 1
Arceburgo,MG,MUNICIPIO DE ARCEBURGO,17899717000110,Dispensa,2026-09-16,"CONTRATAÇÃO DE EMPRESA PARA O FORNECIMENTO DE ITENS DESTINADOS À COMPOSIÇÃO DE KITS DE ENXOVAL PARA BEBÊ, A SEREM DISTRIBUÍDOS ÀS GESTANTES ATENDIDAS PELO PROJETO GESTANTES DO MUNI",licitacao.arceburgo@gmail.com,,AVISO DE DISPENSA PRC_144-2026 - KIT DE ENXOVAL FR,45p,https://pncp.gov.br/api/consulta/v1/orgaos/17899717000110/compras/2026/153,200 on attempt 1
Junco do Maranhão,MA,MUNICIPIO DE JUNCO DO MARANHAO,01612334000189,Dispensa,2026-09-15,"Contratação de empresa especializada para Fornecimento de itens para kits enxoval de recém-nascidos, para distribuição às gestantes em situação de vulnerabilidade social como forma",prefjundomaranhao@hotmail.com,,EDITAL DISPENSA DE PEQUENO VALOR  012-2026 - ENXOVAISa - Copia - Copia,44p,https://pncp.gov.br/api/consulta/v1/orgaos/01612334000189/compras/2026/28,200 on attempt 1
Maracás,BA,MUNICIPIO DE MARACAS,13910203000167,Dispensa,2026-09-15,"Contratação de empresa especializada para o fornecimento de Kit Enxoval de Bebê, destinado ao atendimento de gestantes em situação de vulnerabilidade social, residentes na sede e n",licitacoesmaracas@gmail.com · departamentoadmsocial1@hotmail.com,,Resposta_ao_Pedido_de_Esclarecimento_DL26,1p,https://pncp.gov.br/api/consulta/v1/orgaos/13910203000167/compras/2026/131,200 on attempt 1
Rio Branco do Sul,PR,MUNICIPIO DE RIO BRANCO DO SUL,76105576000185,Dispensa,2026-09-15,"A contratação visa o fornecimento de kit natalidade, com entrega parcelada, conforme a necessidade da Secretaria, durante o período de 12 meses",protecaosocial@riobrancodosul.pr.gov.br · francelise.souza@riobrancodosul.pr.gov.br · smasrbs2019@gmail.com,(41) 98743-2024 · (41) 99650-9949 · (41) 98879-6219,DFD_kit_natalidade.pdf,3p,https://pncp.gov.br/api/consulta/v1/orgaos/76105576000185/compras/2026/163,200 on attempt 1
Saloá,PE,MUNICIPIO DE SALOA,11455714000100,Dispensa,2026-09-10,"AQUISICAO DE KITS DE ENXOVAIS DE RECEM-NASCIDOS PARA DOACAO AS FAMILIAS CARENTES DO MUNICIPIO DE SALOA/PE, NO AMBITO DE PROGRAMA SOCIOASSISTENCIAL DO FMAS",saloalicitacao@gmail.com,(87) 3782-1181 · (87) 99651-0139,1  AVISO DE CONTRATACAO DIRETA,3p,https://pncp.gov.br/api/consulta/v1/orgaos/11455714000100/compras/2026/20,200 on attempt 1
João Lisboa,MA,MUNICIPIO DE JOAO LISBOA,07000300000110,Dispensa,2026-09-09,CONTRATAÇÃO DE EMPRESA PARA FORNECIMENTO DE ITENS PARA ENXOVAL PARA DISTRIBUIÇÃO PARA GESTANTES DO MUNICÍPIO DE JOÃO LISBOA - MA,licitacaojoaolisboa@gmail.com,,Aviso de Contratacao Direta,30p,https://pncp.gov.br/api/consulta/v1/orgaos/07000300000110/compras/2026/68,200 on attempt 1
Serra Caiada,RN,MUNICIPIO DE SERRA CAIADA,08078412000156,Dispensa,2026-09-08,Aquisição de itens para enxoval do GRUPO DE GESTANTE DO PAIF referenciado pelo Centro de Referência da Assistência Social do Município de Serra Caiada/RN.,setordelicitacao@serracaiada.rn.gov.br,(84) 3293-0038,AVISO+CONTRATA%c3%87%c3%83O+DIRETA+%2b+EDITAL+e+ANEXOS,47p,https://pncp.gov.br/api/consulta/v1/orgaos/08078412000156/compras/2026/60,200 on attempt 1
Petrolina,PE,MUNICIPIO DE PETROLINA,10358190000177,Dispensa,2026-09-08,[Portal de Compras Públicas] - A contratação de empresa especializada para o fornecimento de Kit Natalidade.,licitacoes@petrolina.pe.gov.br,(87) 3983-6419,AVISO_DE_DISPENSA_ELETR_NICA__N_043-2026.pdf,62p,https://pncp.gov.br/api/consulta/v1/orgaos/10358190000177/compras/2026/316,200 on attempt 1
Nova Roma,GO,FUNDO MUNICIPAL DE ASSISTENCIA SOCIAL DE NOVA ROMA-GO,14901848000104,Dispensa,2026-09-04,"Contratação de empresa para fornecimento de kits de enxoval de bebê e colchões destinados a atender famílias em situação de vulnerabilidade do município, conforme as condições, qua",,,Certidão de Publicação 1604,1p,https://pncp.gov.br/api/consulta/v1/orgaos/14901848000104/compras/2026/8,200 on attempt 1
Pureza,RN,MUNICIPIO DE PUREZA,08290223000142,Dispensa,2026-09-04,"Contratação de empresa para aquisição de kit’s de enxoval para gestantes afim suprir as demandas do município de
Pureza/RN.",,,AUTORIZATIVO+-+Pureza,3p,https://pncp.gov.br/api/consulta/v1/orgaos/08290223000142/compras/2026/123,200 on attempt 1
Lago do Junco,MA,MUNICIPIO DE LAGO DO JUNCO,06460026000107,Dispensa,2026-09-02,"O objeto do presente instrumento é a Contratação de empresa especializada para o fornecimento de itens de Enxoval Maternidade, destinado a atender as demandas da Secretaria de Assi",cplldj2025@gmail.com,,13. EDITAL E ANEXOS.pdf,50p,https://pncp.gov.br/api/consulta/v1/orgaos/06460026000107/compras/2026/27,200 on attempt 1
Bom Princípio do Piauí,PI,MUNICIPIO DE BOM PRINCIPIO DO PIAUI,41522194000172,Dispensa,2026-08-31,"[Portal de Compras Públicas] - AQUISIÇÃO DE MATERIAIS DE ENXOVAL, DE INTERESSE DA SECRETARIA MUNICIPAL DE ASSISTÊNCIA SOCIAL, OBJETIVANDO ATENDER ÀS NECESSIDADES DO MUNICÍPIO DE BO",,,Ata_Parcial_112717_100926.zip,plain text,https://pncp.gov.br/api/consulta/v1/orgaos/41522194000172/compras/2026/30,200 on attempt 1
Ilha das Flores,SE,MUNICIPIO DE ILHA DAS FLORES,13111224000112,Dispensa,2026-08-27,"[LICITANET] - Aquisição de 100 (cem) KITS AUXÍLIO ENXOVAL, DESTINADOS À CONCESSÃO DO BENEFÍCIO EVENTUAL – AUXÍLIO NATALIDADE",,,199488_editais_1787847486.zip,plain text,https://pncp.gov.br/api/consulta/v1/orgaos/13111224000112/compras/2026/26,200 on attempt 1
Belo Horizonte,MG,CONSORCIO REGIONAL DE PROMOCAO DA CIDADANIA - MULHERES DAS GERAIS,10393006000120,Dispensa,2026-08-26,O objeto da presente dispensa eletrônica é a escolha da proposta mais vantajosa para a itens de enxoval destinados auxiliar o processo de manutenção das atividades desenvolvidas pe,,(41) 3097-4600 · (31) 3484-2387,DISPENSA_ELETRONICA_N_007.2026_E_ANEXOS,94p,https://pncp.gov.br/api/consulta/v1/orgaos/10393006000120/compras/2026/7,200 on attempt 1
Jeremoabo,BA,MUNICIPIO DE JEREMOABO,13809041000175,Dispensa,2026-08-26,"[LICITANET] - CONTRATAÇÃO DE EMPRESA PARA O FORNECIMENTO DE MATERIAL DE CONSUMO, PRODUTOS DE HIGIENE E PEÇAS DE VESTUÁRIO PARA RECÉM-NASCIDOS, NA FORMA DE KIT ENXOVAL DESTINADOS A ",,,199289_editais_1787765376.zip,plain text,https://pncp.gov.br/api/consulta/v1/orgaos/13809041000175/compras/2026/104,200 on attempt 1
Auriflama,SP,MUNICIPIO DE AURIFLAMA,45660594000103,Dispensa,2026-08-21,"Aquisição de itens de enxoval para complementação dos Kits de Maternidade, devidamente acondicionados, destinadas às gestantes e família em situação de vulnerabilidade, acompanhada",,,DISPENSA_42_-_CONTRATO_96_-_M._EDUARDA_FERREIRA_LE.pdf,15p,https://pncp.gov.br/api/consulta/v1/orgaos/45660594000103/compras/2026/77,200 on attempt 1
Várzea,RN,MUNICIPIO DE VARZEA,08168940000104,Dispensa,2026-08-19,"Contratação de empresa especializada para o fornecimento de itens destinados à composição do Kit Natalidade, a ser concedido às gestantes acompanhadas pelo Grupo ""Bem Gestar"", vinc",,,TERMO+AUTORIZATIVO+KIT+NATALIDADE,3p,https://pncp.gov.br/api/consulta/v1/orgaos/08168940000104/compras/2026/81,200 on attempt 1
São Bento do Una,PE,FUNDO MUNICIPAL DE ASSISTENCIA SOCIAL DE SAO BENTO DO UNA,12609678000155,Dispensa,2026-08-13,"[Portal de Compras Públicas] - Contratação de empresa para aquisição de Kits natalidades - enxovais para eventual fornecimento a recém-nascido (neonato), que serão distribuídas às ",acaosocial@saobentodouna.pe.gov.br,(81) 3735-1488,TERMODEREFERENCIA.pdf,30p,https://pncp.gov.br/api/consulta/v1/orgaos/12609678000155/compras/2026/3,200 on attempt 1
Juazeirinho,PB,MUNICIPIO DE JUAZEIRINHO,08996886000187,Dispensa,2026-08-12,[LICITANET] - CONTRATAÇÃO DE EMPRESA PARA AQUISIÇÃO DE KIT MATERNIDADE QUE SERÃO DISTRIBUÍDOS COM AS GESTANTES ACOMPANHADAS PELO CENTRO DE REFERÊNCIA DE ASSISTÊNCIA SOCIAL - CRAS D,,,197546_editais_1786563988.zip,plain text,https://pncp.gov.br/api/consulta/v1/orgaos/08996886000187/compras/2026/87,200 on attempt 1
Uiraúna,PB,MUNICIPIO DE UIRAUNA,08924078000104,Dispensa,2026-08-11,"Contratação de empresa para o fornecimento parcelado de kits de enxoval básico destinados a recém-nascidos, visando atender às necessidades do Programa Mãe Uiraunense, sob a respon",cpl@uirauna.pb.gov.br,,Termo de Referencia,74p,https://pncp.gov.br/api/consulta/v1/orgaos/08924078000104/compras/2026/86,200 on attempt 1
Feira de Santana,BA,FUNDACAO HOSPITALAR DE FEIRA DE SANTANA,40637159000136,Dispensa,2026-08-10,AQUISIÇÃO DE KITS ENXOVAL PARA BEBÊS OS KITS DEVERÃO ATENDER ÀS NECESSIDADES DO HOSPITAL INÁCIA PINTO DOS SANTOS,,(14) 1331-2021,AUTORIZACAOCONTRATACAODIRETA Cod227858,1p,https://pncp.gov.br/api/consulta/v1/orgaos/40637159000136/compras/2026/130,200 on attempt 1
Torrinha,SP,MUNICIPIO DE TORRINHA,46364220000103,Dispensa,2026-08-10,"Aquisição de kit de higiene para bebe, com a finalidade de entrega para as gestantes da rede municipal de saúde.",licitacao@torrinha.sp.gov.br,(14) 3656-9600,DFD,5p,https://pncp.gov.br/api/consulta/v1/orgaos/46364220000103/compras/2026/70,200 on attempt 1
Picuí,PB,MUNICIPIO DE PICUI,08741399000173,Dispensa,2026-08-10,"AQUISIÇÃO DE KITs DE ENXOVAL DE BEBÊ DE FORMA PARCELADA, DESTINADA À CONCESSÃO DE BENEFÍCIOS EVENTUAIS, no valor de 44.100,00 (Quarenta e quatro mil e cem reais)",,(83) 3371-2380,CONTRATO,5p,https://pncp.gov.br/api/consulta/v1/orgaos/08741399000173/compras/2026/97,200 on attempt 1
Rio Largo,AL,MUNICIPIO DE RIO LARGO,12200168000120,Dispensa,2026-08-07,"CONTRATAÇÃO DE EMPRESA ESPECIALIZADA NO FORNECIMENTO DE
ARTIGOS DE ENXOVAL E CARRINHO DE BEBÊ, PARA ATENDER ÀS
NECESSIDADES DA SECRETARIA MUNICIPAL DA MULHER E DA PESSOA COM
DEFICI",,,,,https://pncp.gov.br/api/consulta/v1/orgaos/12200168000120/compras/2026/165,200 on attempt 1
Juquitiba,SP,MUNICIPIO DE JUQUITIBA,46523155000103,Dispensa,2026-08-07,A aquisição de Kit enxoval maternidade destinado a Secretaria Municipal de Assistência Social (CRAS). Visando reduzir as vulnerabilidades decorrentes do nascimento de um novo membr,compras.2@juquitiba.sp.gov.br · administracao@juquitiba.sp.gov.br,(11) 4681-4311 · (41) 3097-4600,EDITAL_kit_enxoval_maternidade,33p,https://pncp.gov.br/api/consulta/v1/orgaos/46523155000103/compras/2026/224,200 on attempt 1
Itapiúna,CE,FUNDO MUNICIPAL DE ASSISTENCIA SOCIAL,14514683000100,Dispensa,2026-07-21,AQUISIÇÃO DE KIT NATALIDADE PARA ATENDER AS NECESSIDADES DA SECRETARIA DO TRABALHO E ASSISTÊNCIA SOCIAL DO MUNICIPIO DE ITAPIÚNA-CE.,,,TERMO DE REVOGACAO,3p,https://pncp.gov.br/api/consulta/v1/orgaos/14514683000100/compras/2026/6,200 on attempt 1
Magalhães Barata,PA,MUNICIPIO DE MAGALHAES BARATA,05171947000189,Dispensa,2026-07-15,[LICITANET] - AQUISIÇÃO DE DIVERSOS MATERIAIS DE HIGIENE E ENXOVAL (KIT) EM ATENDIMENTO ÀS NECESSIDADES DA SECRETARIA MUNICIPAL DE SAÚDE DO MUNICÍPIO DE MAGALHÃES BARATA/PA,,,193794_editais_1784138212.zip,plain text,https://pncp.gov.br/api/consulta/v1/orgaos/05171947000189/compras/2026/39,200 on attempt 1
Mato Queimado,RS,MUNICIPIO DE MATO QUEIMADO,04204318000145,Dispensa,2026-07-10,Aquisição de combo loção hidratante corporal 400ml + refil 350ml para compor kit gestante,,,25351_3_25344_DFD.pdf,1p,https://pncp.gov.br/api/consulta/v1/orgaos/04204318000145/compras/2026/528,200 on attempt 1
Milhã,CE,MUNICIPIO DE MILHA,06741565000106,Dispensa,2026-07-10,"Contratação de empresa para aquisição de materiais para compor kit auxílio natalidade (kit bebê) destinados aos usuários do grupo de gestantes do CRAS, para atender as necessidades",,,Minuta de contrato,6p,https://pncp.gov.br/api/consulta/v1/orgaos/06741565000106/compras/2026/30,200 on attempt 1
São Miguel das Missões,RS,MUNICIPIO DE SAO MIGUEL DAS MISSOES,89971758000180,Dispensa,2026-07-06,Aquisição de enxoval para uso da EMEI Paraíso da Criança - Educação. ,,,33402_2_32412_DFD.pdf,2p,https://pncp.gov.br/api/consulta/v1/orgaos/89971758000180/compras/2026/790,200 on attempt 1
Groaíras,CE,MUNICIPIO DE GROAIRAS,07598709000180,Dispensa,2026-07-01,"AQUISIÇÃO DE ITENS DIVERSOS DESTINADOS À COMPOSIÇÃO DE KITS NATALIDADE, COM O OBJETIVO DE SUPRIR AS NECESSIDADES DE ENXOVAL BÁSICO PARA RECÉM-NASCIDOS, VISANDO ATENDER GESTANTES E ",licitacao@groairas.ce.gov.br,,TERMO DE HOMOLOGACAO E RATIFICACAO 432,4p,https://pncp.gov.br/api/consulta/v1/orgaos/07598709000180/compras/2026/93,200 on attempt 1
