modalidade,municipio,uf,publicado,dias,dias_uteis,contado_de,verbatim,fonte,arquivos,pncp
Dispensa,Nazaré do Piauí,PI,2026-09-21,30,False,ATESTO,"e Finanças do Município de Nazaré do Piauí-PI: Projeto/Atividade: 08.244.0173.2085; 04.122.0027.2.003, Elemento de Despesa: 33.90.30; Fonte de Recursos: 500, 600. CLÁUSULA QUINTA – DO PAGAMENTO 5.1 O pagamento será realizado pela Secretaria Municipal de Finanças de Nazaré do Piauí-PI, através do set",Aviso de Contratação Direta 24p,200 on attempt 1,06554141000132-1-000022/2026
Dispensa,Marcos Parente,PI,2026-09-21,30,False,NOTA FISCAL,"ENTAR Nº 123/2006, NO PRESENTE CERTAME, CONSIDERANDO QUE O OBJETO DA CONTRATAÇÃO É INFERIOR A R$ 80.000,00 (OITENTA MIL REAIS), ESTA LICITAÇÃO SERÁ DESTINADA À PARTICIPAÇÃO EXCLUSIVA DE ME/EPP. 6.1 O pagamento será realizado na Secretaria Municipal de Finanças, em até 30 dias após a solicitação de p",Aviso de Contratação Direta 21p,200 on attempt 1,06554133000196-1-000031/2026
Dispensa,Morro do Pilar,MG,2026-09-18,15,False,NOTA FISCAL,"cações solicitadas. b) Definitivo: após a conclusão da conferência e análise necessárias e sua consequente aceitação definitiva, que ocorrerá no prazo máximo de 15 (quinze) dias. 5. PAGAMENTO 5.1. Os pagamentos serão feitos por meio de transferência, depósito bancário ou em cheque nominal à empresa ",Aviso de Contratação Direta 32p,200 on attempt 1,18303214000100-1-000049/2026
Dispensa,Novo Brasil,GO,2026-09-18,,,,,Ato que autoriza a Contratação Direta 2p,200 on attempt 1,18063468000190-1-000026/2026
Dispensa,Leopoldo de Bulhões,GO,2026-09-17,,,,,Ato que autoriza a Contratação Direta 2p,200 on attempt 1,18091059000106-1-000054/2026
Dispensa,Arceburgo,MG,2026-09-16,30,False,ATESTO,"não poderão exceder os valores unitários, constantes neste Aviso de Dispensa de Licitação. Devendo obedecer ao valor estipulado pela Diretoria de Saúde e Vigilância Sanitária. 7. DO PAGAMENTO: 7.1. O pagamento ocorrerá em até 30 (trinta) dias após a efetiva entrega dos materiais e também mediante ap",Aviso de Contratação Direta 45p,200 on attempt 1,17899717000110-1-000153/2026
Dispensa,Junco do Maranhão,MA,2026-09-15,30,False,NOTA FISCAL,"prazo e demais condições de entrega, recebimento e aceitação do objeto da presente dispensa de licitação, estão previstos na Requisição, Anexo I do Presente AVISO. 10. CONDIÇÕES DE PAGAMENTO 10.1. Os pagamentos serão realizados em até 30 (trinta) dias, mediante apresentação da nota fiscal / recibo e",Edital 44p,200 on attempt 1,01612334000189-1-000028/2026
Dispensa,Maracás,BA,2026-09-15,15,False,ATESTO,"ncia e conta corrente indicados pelo contratado; 11.2.2 - Será considerada data do pagamento o dia em que constar como emitida a ordem bancária para pagamento. 11.3 – DO PRAZO DE PAGAMENTO 11.3.1 - O pagamento será efetuado no prazo máximo de até 15 (quinze) dias úteis, contados do recebimento defin",Aviso de Contratação Direta 37p,200 on attempt 1,13910203000167-1-000131/2026
Dispensa,Rio Branco do Sul,PR,2026-09-15,,,,,Documento de Formalização da Demanda - DFD 3p,200 on attempt 1,76105576000185-1-000163/2026
Dispensa,Saloá,PE,2026-09-10,,,,,Aviso de Contratação Direta 3p,200 on attempt 1,11455714000100-1-000020/2026
Dispensa,João Lisboa,MA,2026-09-09,,,,,Aviso de Contratação Direta 30p,200 on attempt 1,07000300000110-1-000068/2026
Dispensa,Serra Caiada,RN,2026-09-08,10,False,LIQUIDACAO,"a execução do objeto, os pagamentos serão realizados normalmente, até que se decida pela rescisão do contrato, caso o contratado não regularize sua situação junto ao SICAF. Prazo de pagamento 7.17. O pagamento será efetuado no prazo de até 10 (dez) dias úteis contados da finalização da liquidação da",Edital 47p,200 on attempt 1,08078412000156-1-000060/2026
Dispensa,Petrolina,PE,2026-09-08,5,False,ATESTO,"5 - Garantia, Manutenção e Assistência Técnica 9.5.1 - O prazo de garantia é aquele estabelecido na Lei nº 8.078, de 11 de setembro de 1990 (Código de Defesa do Consumidor). 10.0 - PAGAMENTO 10.1 - O pagamento será efetuado em até 25 (vinte e cinco) dias, contados da liquidação da despesa, que ocorr",Edital 62p,200 on attempt 1,10358190000177-1-000316/2026
Dispensa,Nova Roma,GO,2026-09-04,30,False,NOTA FISCAL,"io de ordem de fornecimento, de origem do departamento de compras, que será encaminhada para a contratada por meio de correio eletrônico, devidamente designado pela mesma no ato da contratação 4.6 Do Pagamento: O pagamento ocorrerá em até 30 dias, após emissão de nota fiscal, a ser emitida, ou encam",Termo de Referência 11p,200 on attempt 1,14901848000104-1-000008/2026
Dispensa,Pureza,RN,2026-09-04,,,,,Ato que autoriza a Contratação Direta 3p,200 on attempt 1,08290223000142-1-000123/2026
Dispensa,Lago do Junco,MA,2026-09-02,30,False,NOTA FISCAL,"o período de 12 (doze) meses. 6. FORMA DE CONTRATAÇÃO 8.1 A Contratação será realizada por meio de Contratação Direta, conforme previsto no artigo 72 da Lei nº 14.133/21. 7. FORMA DE PAGAMENTO: 7.1 O pagamento será efetuado no prazo de até 30 (trinta) dias, após a assinatura do Termo de Recebimento ",Edital 50p,200 on attempt 1,06460026000107-1-000027/2026
Dispensa,São Patrício,GO,2026-09-02,30,False,ATESTO,"ontratação consignadas neste Edital, as quais deverão ser mantidas pelo fornecedor/prestador durante toda a vigência da contratação, nos termos da Lei Federal nº 14.133/2021. 8 – DO PAGAMENTO 8.1. Os pagamentos serão efetuados no prazo de até 30 (trinta) dias, contados a partir da apresentação da no",Aviso de Contratação Direta 29p,200 on attempt 1,17498179000151-1-000018/2026
Dispensa,Cezarina,GO,2026-09-02,,,,,Documento de Formalização da Demanda - DFD 1p,200 on attempt 1,13358623000182-1-000011/2026
Dispensa,Bom Princípio do Piauí,PI,2026-08-31,30,False,ATESTO,"o ser entregues no Município de Bom Princípio do Piauí – PI, em local indicado na Ordem de Fornecimento, no prazo máximo de 10 dias úteis contado do recebimento da solicitação. 5. DO PAGAMENTO 5.1. O pagamento será realizado pelo Município em até 30 (trinta) dias, contados do recebimento definitivo ",Edital 20p,200 on attempt 1,41522194000172-1-000030/2026
Dispensa,Ilha das Flores,SE,2026-08-27,,,,,Aviso de Contratação Direta text,200 on attempt 1,13111224000112-1-000026/2026
Dispensa,Belo Horizonte,MG,2026-08-26,,,,,Aviso de Contratação Direta 94p,200 on attempt 1,10393006000120-1-000007/2026
Dispensa,Maurilândia,GO,2026-08-26,,,,,Aviso de Contratação Direta 1p,200 on attempt 1,18319753000120-1-000037/2026
Dispensa,Jeremoabo,BA,2026-08-26,,,,,Aviso de Contratação Direta text,200 on attempt 1,13809041000175-1-000104/2026
Dispensa,Bom Princípio do Piauí,PI,2026-08-25,30,False,ATESTO,"o ser entregues no Município de Bom Princípio do Piauí – PI, em local indicado na Ordem de Fornecimento, no prazo máximo de 10 dias úteis contado do recebimento da solicitação. 5. DO PAGAMENTO 5.1. O pagamento será realizado pelo Município em até 30 (trinta) dias, contados do recebimento definitivo ",Edital 20p,200 on attempt 1,41522194000172-1-000029/2026
Dispensa,Japaraíba,MG,2026-08-24,,,,,Aviso de Contratação Direta text,200 on attempt 1,18306654000103-1-000126/2026
Dispensa,Auriflama,SP,2026-08-21,,,,,Outros Documentos 15p,200 on attempt 1,45660594000103-1-000077/2026
Dispensa,Várzea,RN,2026-08-19,,,,,Ato que autoriza a Contratação Direta 3p,200 on attempt 1,08168940000104-1-000081/2026
Dispensa,Bom Princípio do Piauí,PI,2026-08-17,30,False,ATESTO,"o ser entregues no Município de Bom Princípio do Piauí – PI, em local indicado na Ordem de Fornecimento, no prazo máximo de 10 dias úteis contado do recebimento da solicitação. 5. DO PAGAMENTO 5.1. O pagamento será realizado pelo Município em até 30 (trinta) dias, contados do recebimento definitivo ",Edital 20p,200 on attempt 1,41522194000172-1-000028/2026
Dispensa,Jundiá,RN,2026-08-14,30,False,ATESTO,secução dos objetivos que tenham justificado a contratação e eventuais condutas a serem adotadas para o aprimoramento das atividades da Administração. 7. DO CRITÉRIOS DE MEDIÇÃO E DE PAGAMENTO 7.1. O pagamento de cada fatura deverá ser realizada em um prazo não superior a 30 (trinta) dias contados a,Aviso de Contratação Direta 25p,200 on attempt 1,04214217000155-1-000078/2026
Dispensa,São Bento do Una,PE,2026-08-13,20,False,ENTREGA,"eto, os pagamentos serão realizados normalmente, até que se decida pela rescisão do contrato, caso o contratado não regularize sua situação junto ao órgão competente. 9.3. Prazo de pagamento 9.3.1. O pagamento será efetuado mensal no prazo de até 20 (vinte) dias úteis contados da finalização da liqu",Edital 30p,200 on attempt 1,12609678000155-1-000003/2026
Dispensa,Juazeirinho,PB,2026-08-12,,,,,Aviso de Contratação Direta text,200 on attempt 1,08996886000187-1-000087/2026
Dispensa,Turiaçu,MA,2026-08-12,,,,,Outros Documentos 4p,200 on attempt 1,63451363000163-1-000041/2026
Dispensa,Uiraúna,PB,2026-08-11,30,False,ATESTO," indicação objetiva dos requisitos não atendidos. 8.7.9. Concluída a habilitação, o resultado será registrado no processo e divulgado nos meios oficiais previstos neste Aviso. 9. DO PAGAMENTO: 9.1. O pagamento será realizado mensalmente, no prazo de até 30 (trinta) dias, contado da liquidação da des",Termo de Referência 74p,200 on attempt 1,08924078000104-1-000086/2026
Dispensa,Diorama,GO,2026-08-11,10,False,ATESTO,"prove, inequivocamente, a regularidade de situação 5.5.5 - Certidão de regularidade perante a Justiça do Trabalho por intermédio de Certidão negativa de débitos trabalhistas. 6 - DO PAGAMENTO 6.1 - O pagamento ocorrerá dentro de até 10 (Dez) dias, do mês subsequente após a efetiva entrega dos materi",Edital 17p,200 on attempt 1,14631480000101-1-000025/2026
Dispensa,Feira de Santana,BA,2026-08-10,,,,,Ato que autoriza a Contratação Direta 1p,200 on attempt 1,40637159000136-1-000130/2026
Dispensa,Torrinha,SP,2026-08-10,30,False,NOTA FISCAL,"ecido para entrega sujeitará a empresa fornecedora às penalidades previstas no instrumento de contratação e na legislação aplicável. 7 – CRITÉRIO/CONDIÇÕES DE PAGAMENTO 7.1 – A Prefeitura realizará o pagamento dos produtos efetivamente entregues e devidamente recebidos, no prazo de 30 (trinta) dias ",Outros Documentos 6p,200 on attempt 1,46364220000103-1-000070/2026
Dispensa,Picuí,PB,2026-08-10,,,,,Outros Documentos 5p,200 on attempt 1,08741399000173-1-000097/2026
Dispensa,Rio Largo,AL,2026-08-07,,,,,,200 on attempt 1,12200168000120-1-000165/2026
Dispensa,Juquitiba,SP,2026-08-07,30,False,NOTA FISCAL,"nto provisório ou definitivo não exclui a responsabilidade ético profissional pela perfeita execução do contrato, dentro dos limites estabelecidos pela lei ou pelo contrato. 15. DO PAGAMENTO 15.1. Os pagamentos decorrentes do fornecimento ora contr atados serão efetuados em até 30 (trinta) dias, med",Aviso de Contratação Direta 33p,200 on attempt 1,46523155000103-1-000224/2026
Dispensa,Pedro Laurentino,PI,2026-08-07,30,False,ATESTO,"mento equivalente (art. 95); (v) execução parcelada mediante Ordem de Fornecimento; (vi) fiscalização por servidor designado (art. 117); (vii) recebimento provisório e definitivo (art. 140); e (viii) pagamento em até 30 dias do atesto (art. 92, XVI). 10. JUSTIFICATIVA PARA O PARCELAMENTO (art. 18, §",Estudo Técnico Preliminar 11p,200 on attempt 1,01612600000173-1-000026/2026
Pregão,Caicó,RN,2026-09-21,,,,,Edital 47p,200 on attempt 1,08096570000139-1-000104/2026
Pregão,Santa Rita,PB,2026-09-21,30,False,LIQUIDACAO,". Havendo a efetiva execução do objeto, os pagamentos serão realizados normalmente, até que se decida pela rescisão do contrato, caso o contratado não regularize sua situação junto ao SICAF. Prazo de pagamento O pagamento será efetuado no prazo máximo de até 30 (trinta) dias úteis, contados da final",Edital 56p,200 on attempt 1,09159666000161-1-000173/2026
Pregão,Umbaúba,SE,2026-09-18,,,,,Edital 22p,200 on attempt 1,14569416000130-1-000009/2026
Pregão,Coivaras,PI,2026-09-18,,,,,Edital 82p,200 on attempt 1,41522335000157-1-000018/2026
Pregão,Trairi,CE,2026-09-17,,,,,Edital 16p,200 on attempt 1,07533946000162-1-000105/2026
Pregão,Águas de Lindóia,SP,2026-09-17,30,False,ATESTO,"tro de preços. 5. FORMA DE PAGAMENTO 5.1. O pagamento será realizado através de ordem bancária, para crédito em banco, agência e conta corrente indicados pelo contratado. 6. PRAZO DE PAGAMENTO 6.1. O pagamento será efetuado no prazo máximo de até 30 (trinta) dias, contados do recebimento da Nota Fis",Edital 46p,200 on attempt 1,46439683000189-1-000110/2026
Pregão,José de Freitas,PI,2026-09-17,10,False,NAO DITO,"do orçamento estimado, pela variação do IGP-M (índice Geral de Preços do Mercado), tomando-se por base a data da apresentação da propôs. 18.4 A periodicidade do reajuste é anual, aplicado somente aos pagamentos de valores referentes a eventos físicos realizados a partir do 10 (primeiro) dia imediata",Edital 30p,200 on attempt 1,06554786000175-1-000041/2026
Pregão,Japi,RN,2026-09-16,,,,,Outros Documentos 3p,200 on attempt 1,08159071000143-1-000041/2026
Pregão,Cascavel,PR,2026-09-16,,,,,Edital 105p,200 on attempt 1,76208867000107-1-000497/2026
Pregão,Caracol,MS,2026-09-14,10,False,LIQUIDACAO,"ssegurada ao contratado a ampla defesa. 7.16. Havendo a efetiva execução do objeto, os pagamentos serão realizados normalmente, até que se decida pela rescisão do contrato. Prazo de pagamento 7.17. O pagamento será efetuado no prazo de até 10 (dez) dias úteis contados da finalização da liquidação da",Edital 84p,200 on attempt 1,33736908000117-1-000002/2026
Pregão,São Sebastião,AL,2026-09-11,30,False,ATESTO,"ou indiretas, relacionadas com o fornecimento do objeto da presente licitação, ou que venham a implicar no fiel cumprimento do Contrato, não cabendo à Municipalidade, nenhum custo adicional. 16.3. Os pagamentos serão efetuados, em até 30 (trinta) dias, após a aceitação e atesto das Notas Fiscais/Fat",Edital 51p,200 on attempt 1,12247631000199-1-000064/2026
Pregão,Brumado,BA,2026-09-09,,,,,Edital 124p,200 on attempt 1,14105704000133-1-000118/2026
Pregão,Porto Velho,RO,2026-09-09,30,False,ATESTO,"ompanhada das devidas requisições que deram origem ao fornecimento pela contratada, devidamente atestadas pela Administração, conforme disposto no art. 141 da Lei nº 14.133 de 2021; 7.2. O prazo para pagamento da Nota Fiscal, devidamente atestada pela CONTRATANTE, será de 30 (trinta) dias, contados ",Termo de Referência 18p,200 on attempt 1,05903125000145-1-000261/2026
Pregão,Chã de Alegria,PE,2026-09-09,10,False,ATESTO," fortuito e força maior. 10.3 Os produtos deverão ser entregues no Centro de Convivência do Idoso, Cozinha Comunitária 1, situada à Rua Manoel Serafim de Mendonça, S/N°, PE 040, Vila do Campo. 10.4 O pagamento será efetuado pela Prefeitura Municipal, no prazo de até 10 (dez) dias, após a apresentaçã",Edital 44p,200 on attempt 1,13145986000130-1-000010/2026
Pregão,Alvorada do Sul,PR,2026-09-09,,,,,Edital 68p,200 on attempt 1,75132860000188-1-000079/2026
Pregão,Santa Bárbara,MG,2026-09-08,,,,,Edital 69p,200 on attempt 1,19391945000100-1-000166/2026
Pregão,Nerópolis,GO,2026-09-08,30,False,NOTA FISCAL,"o, sem ônus ao contratante; 7.1.4. A nota fiscal ou instrumento de cobrança equivalente deverá ser obrigatoriamente acompanhado da comprovação da regularidade fiscal; 7.2. Prazo de pagamento 7.2.1. O pagamento será efetuado no prazo de até 30 (trinta) dias úteis contados da finalização da liquidação",Termo de Referência 15p,200 on attempt 1,14656327000120-1-000023/2026
Pregão,Petrolândia,PE,2026-09-08,,,,,Edital text,200 on attempt 1,10106235000116-1-000085/2026
Pregão,Campo Verde,MT,2026-09-03,,,,,Edital text,200 on attempt 1,24950495000188-1-000132/2026
Pregão,Campo Verde,MT,2026-09-03,30,False,ATESTO,"id8091474\charrsid3356895 \hich\af39\dbch\af39\loch\f39 }{\rtlch\fcs1 \af39\afs21 \ltrch\fcs0 \fs21\lang22\langfe1046\langnp22\insrsid5902499\charrsid3356895 \hich\af39\dbch\af39\loch\f39 \hich\f39 O pagamento ser\'e1\loch\f39 \hich\f39 realizado em at\'e9\loch\f39 30 dias, contados do recebimento d",Edital text,200 on attempt 1,24950495000188-1-000127/2026
